Size,ArrayType,Algorithm,TimeUs,Comparisons
100,Random,Std_QuickSort,48.2166,745
100,Random,Std_MergeSort,65.5584,597
100,Random,Ternary_QS,26.9164,687
100,Random,LCP_MergeSort,74.8082,504
100,Random,MSD_Radix,55.2752,175
100,Random,MSD_Hybrid,15.825,160
100,Reversed,Std_QuickSort,38.3582,943
100,Reversed,Std_MergeSort,53.4334,602
100,Reversed,Ternary_QS,21.2748,574
100,Reversed,LCP_MergeSort,61.8332,360
100,Reversed,MSD_Radix,44.9416,237
100,Reversed,MSD_Hybrid,24.5998,465
100,NearlySorted,Std_QuickSort,37.5834,899
100,NearlySorted,Std_MergeSort,62.4002,742
100,NearlySorted,Ternary_QS,21.2498,544
100,NearlySorted,LCP_MergeSort,60.725,364
100,NearlySorted,MSD_Radix,52.1082,247
100,NearlySorted,MSD_Hybrid,26.0248,451
100,Prefixed,Std_QuickSort,250.883,18597
100,Prefixed,Std_MergeSort,250.317,15183
100,Prefixed,Ternary_QS,61.1334,3232
100,Prefixed,LCP_MergeSort,108.833,3183
100,Prefixed,MSD_Radix,59.2416,700
100,Prefixed,MSD_Hybrid,70.3998,700
200,Random,Std_QuickSort,114.891,1813
200,Random,Std_MergeSort,156.117,1506
200,Random,Ternary_QS,52.033,1375
200,Random,LCP_MergeSort,166.25,1202
200,Random,MSD_Radix,103.825,396
200,Random,MSD_Hybrid,31.467,418
200,Reversed,Std_QuickSort,87.5416,2129
200,Reversed,Std_MergeSort,122.767,1334
200,Reversed,Ternary_QS,41.8082,1243
200,Reversed,LCP_MergeSort,130.467,729
200,Reversed,MSD_Radix,91.8668,487
200,Reversed,MSD_Hybrid,52.458,948
200,NearlySorted,Std_QuickSort,103.7,1987
200,NearlySorted,Std_MergeSort,141.017,1710
200,NearlySorted,Ternary_QS,44.2666,1219
200,NearlySorted,LCP_MergeSort,131.375,743
200,NearlySorted,MSD_Radix,86.8668,474
200,NearlySorted,MSD_Hybrid,47.675,909
200,Prefixed,Std_QuickSort,582.4,43292
200,Prefixed,Std_MergeSort,559.434,35922
200,Prefixed,Ternary_QS,114.542,6680
200,Prefixed,LCP_MergeSort,272.367,6562
200,Prefixed,MSD_Radix,113.708,1400
200,Prefixed,MSD_Hybrid,121.041,1400
300,Random,Std_QuickSort,179.442,3157
300,Random,Std_MergeSort,256.7,2541
300,Random,Ternary_QS,92.025,2304
300,Random,LCP_MergeSort,280.742,1940
300,Random,MSD_Radix,146.283,613
300,Random,MSD_Hybrid,52.45,712
300,Reversed,Std_QuickSort,148.342,3329
300,Reversed,Std_MergeSort,201.166,2035
300,Reversed,Ternary_QS,72.5834,2006
300,Reversed,LCP_MergeSort,205.8,1047
300,Reversed,MSD_Radix,137.483,733
300,Reversed,MSD_Hybrid,73.5914,1421
300,NearlySorted,Std_QuickSort,133.491,3152
300,NearlySorted,Std_MergeSort,223.075,2817
300,NearlySorted,Ternary_QS,70.2416,2007
300,NearlySorted,LCP_MergeSort,216.733,1181
300,NearlySorted,MSD_Radix,135.759,716
300,NearlySorted,MSD_Hybrid,101.725,1398
300,Prefixed,Std_QuickSort,920.725,68055
300,Prefixed,Std_MergeSort,899.484,59642
300,Prefixed,Ternary_QS,178.666,10216
300,Prefixed,LCP_MergeSort,370.984,10019
300,Prefixed,MSD_Radix,162.758,2100
300,Prefixed,MSD_Hybrid,161.35,2100
400,Random,Std_QuickSort,251.325,4598
400,Random,Std_MergeSort,398.358,3671
400,Random,Ternary_QS,135.075,3529
400,Random,LCP_MergeSort,388.217,2704
400,Random,MSD_Radix,173.642,826
400,Random,MSD_Hybrid,70.7916,1079
400,Reversed,Std_QuickSort,202.333,4699
400,Reversed,Std_MergeSort,274.758,2874
400,Reversed,Ternary_QS,100.55,2884
400,Reversed,LCP_MergeSort,280.958,1476
400,Reversed,MSD_Radix,193.9,976
400,Reversed,MSD_Hybrid,99.4338,1876
400,NearlySorted,Std_QuickSort,193.95,4522
400,NearlySorted,Std_MergeSort,314.258,3779
400,NearlySorted,Ternary_QS,99.6,2795
400,NearlySorted,LCP_MergeSort,302.692,1553
400,NearlySorted,MSD_Radix,199.958,963
400,NearlySorted,MSD_Hybrid,112.4,1871
400,Prefixed,Std_QuickSort,1312.3,99044
400,Prefixed,Std_MergeSort,1301.32,83519
400,Prefixed,Ternary_QS,257.15,14143
400,Prefixed,LCP_MergeSort,531.075,13471
400,Prefixed,MSD_Radix,206.442,2800
400,Prefixed,MSD_Hybrid,210.883,2800
500,Random,Std_QuickSort,312.341,5936
500,Random,Std_MergeSort,466.492,4836
500,Random,Ternary_QS,167.7,4437
500,Random,LCP_MergeSort,513.825,3502
500,Random,MSD_Radix,201.275,1045
500,Random,MSD_Hybrid,99.0836,1506
500,Reversed,Std_QuickSort,266.967,5950
500,Reversed,Std_MergeSort,375.8,3786
500,Reversed,Ternary_QS,135.941,3628
500,Reversed,LCP_MergeSort,379.742,1894
500,Reversed,MSD_Radix,240.225,1216
500,Reversed,MSD_Hybrid,128.133,2331
500,NearlySorted,Std_QuickSort,258.142,5845
500,NearlySorted,Std_MergeSort,426.658,5033
500,NearlySorted,Ternary_QS,135.725,3613
500,NearlySorted,LCP_MergeSort,397.383,2013
500,NearlySorted,MSD_Radix,247.891,1221
500,NearlySorted,MSD_Hybrid,130.558,2365
500,Prefixed,Std_QuickSort,1613.07,121124
500,Prefixed,Std_MergeSort,1671.28,108873
500,Prefixed,Ternary_QS,331.383,17668
500,Prefixed,LCP_MergeSort,622.758,16970
500,Prefixed,MSD_Radix,257.442,3500
500,Prefixed,MSD_Hybrid,262.892,3500
600,Random,Std_QuickSort,424.758,7771
600,Random,Std_MergeSort,596.283,6133
600,Random,Ternary_QS,230.492,5859
600,Random,LCP_MergeSort,585.483,4368
600,Random,MSD_Radix,236.333,1259
600,Random,MSD_Hybrid,166.8,1978
600,Reversed,Std_QuickSort,314.25,7229
600,Reversed,Std_MergeSort,434.541,4440
600,Reversed,Ternary_QS,150.333,4505
600,Reversed,LCP_MergeSort,452.583,2192
600,Reversed,MSD_Radix,278.333,1447
600,Reversed,MSD_Hybrid,149.8,2805
600,NearlySorted,Std_QuickSort,317.383,7243
600,NearlySorted,Std_MergeSort,524.058,6243
600,NearlySorted,Ternary_QS,181.625,4612
600,NearlySorted,LCP_MergeSort,458.992,2476
600,NearlySorted,MSD_Radix,274.984,1452
600,NearlySorted,MSD_Hybrid,147.442,2822
600,Prefixed,Std_QuickSort,2281.33,170791
600,Prefixed,Std_MergeSort,2041.98,135805
600,Prefixed,Ternary_QS,376.1,20978
600,Prefixed,LCP_MergeSort,814.633,20549
600,Prefixed,MSD_Radix,317.508,4200
600,Prefixed,MSD_Hybrid,319.108,4200
700,Random,Std_QuickSort,506.783,9314
700,Random,Std_MergeSort,725.941,7436
700,Random,Ternary_QS,261.5,7345
700,Random,LCP_MergeSort,712.75,5238
700,Random,MSD_Radix,267.425,1481
700,Random,MSD_Hybrid,164.125,2395
700,Reversed,Std_QuickSort,398.675,8841
700,Reversed,Std_MergeSort,523.275,5317
700,Reversed,Ternary_QS,186.483,5416
700,Reversed,LCP_MergeSort,560.15,2601
700,Reversed,MSD_Radix,321.642,1693
700,Reversed,MSD_Hybrid,177.017,3263
700,NearlySorted,Std_QuickSort,392.117,8670
700,NearlySorted,Std_MergeSort,626.85,7402
700,NearlySorted,Ternary_QS,192.284,5509
700,NearlySorted,LCP_MergeSort,568.783,2912
700,NearlySorted,MSD_Radix,332.175,1703
700,NearlySorted,MSD_Hybrid,180.067,3327
700,Prefixed,Std_QuickSort,2677.97,201273
700,Prefixed,Std_MergeSort,2480.7,162708
700,Prefixed,Ternary_QS,416.058,24760
700,Prefixed,LCP_MergeSort,948.183,24073
700,Prefixed,MSD_Radix,372.967,4900
700,Prefixed,MSD_Hybrid,374.2,4900
800,Random,Std_QuickSort,591.733,10935
800,Random,Std_MergeSort,815.558,8790
800,Random,Ternary_QS,299.209,7400
800,Random,LCP_MergeSort,842.667,6099
800,Random,MSD_Radix,300.575,1704
800,Random,MSD_Hybrid,176.875,2918
800,Reversed,Std_QuickSort,463.658,10229
800,Reversed,Std_MergeSort,654.758,6164
800,Reversed,Ternary_QS,220.508,6292
800,Reversed,LCP_MergeSort,650.533,2974
800,Reversed,MSD_Radix,370.741,1933
800,Reversed,MSD_Hybrid,214.175,3768
800,NearlySorted,Std_QuickSort,460.45,10026
800,NearlySorted,Std_MergeSort,742.058,8540
800,NearlySorted,Ternary_QS,232.65,6538
800,NearlySorted,LCP_MergeSort,677.842,3318
800,NearlySorted,MSD_Radix,393.175,1945
800,NearlySorted,MSD_Hybrid,211.267,3799
800,Prefixed,Std_QuickSort,3582.62,261660
800,Prefixed,Std_MergeSort,2987.64,189810
800,Prefixed,Ternary_QS,509.216,28422
800,Prefixed,LCP_MergeSort,1125.58,27678
800,Prefixed,MSD_Radix,430.108,5600
800,Prefixed,MSD_Hybrid,430.384,5600
900,Random,Std_QuickSort,678.908,12118
900,Random,Std_MergeSort,975.708,10191
900,Random,Ternary_QS,325.333,8442
900,Random,LCP_MergeSort,984.058,6991
900,Random,MSD_Radix,339.717,1938
900,Random,MSD_Hybrid,204.6,3368
900,Reversed,Std_QuickSort,527.45,11491
900,Reversed,Std_MergeSort,749.392,6976
900,Reversed,Ternary_QS,261.292,7084
900,Reversed,LCP_MergeSort,748.642,3286
900,Reversed,MSD_Radix,390.983,2164
900,Reversed,MSD_Hybrid,217.908,4204
900,NearlySorted,Std_QuickSort,500.225,11504
900,NearlySorted,Std_MergeSort,839.05,9751
900,NearlySorted,Ternary_QS,265.075,7410
900,NearlySorted,LCP_MergeSort,752.417,3638
900,NearlySorted,MSD_Radix,425.133,2175
900,NearlySorted,MSD_Hybrid,228.35,4257
900,Prefixed,Std_QuickSort,3531.12,251612
900,Prefixed,Std_MergeSort,3376.72,217510
900,Prefixed,Ternary_QS,589.292,32819
900,Prefixed,LCP_MergeSort,1243.97,31223
900,Prefixed,MSD_Radix,472.083,6300
900,Prefixed,MSD_Hybrid,477.333,6300
1000,Random,Std_QuickSort,751.558,13914
1000,Random,Std_MergeSort,1109.28,11570
1000,Random,Ternary_QS,363.317,9440
1000,Random,LCP_MergeSort,1065.05,7835
1000,Random,MSD_Radix,377.025,2164
1000,Random,MSD_Hybrid,237.075,3924
1000,Reversed,Std_QuickSort,600.483,12927
1000,Reversed,Std_MergeSort,831.025,8053
1000,Reversed,Ternary_QS,291.65,8057
1000,Reversed,LCP_MergeSort,840.95,3797
1000,Reversed,MSD_Radix,465.442,2406
1000,Reversed,MSD_Hybrid,262.284,4692
1000,NearlySorted,Std_QuickSort,570.709,12628
1000,NearlySorted,Std_MergeSort,948.658,10782
1000,NearlySorted,Ternary_QS,299,8272
1000,NearlySorted,LCP_MergeSort,847.291,4015
1000,NearlySorted,MSD_Radix,489.783,2425
1000,NearlySorted,MSD_Hybrid,265.983,4723
1000,Prefixed,Std_QuickSort,4342.61,322244
1000,Prefixed,Std_MergeSort,3782.63,246124
1000,Prefixed,Ternary_QS,622.525,36347
1000,Prefixed,LCP_MergeSort,1406.42,34815
1000,Prefixed,MSD_Radix,518.592,7000
1000,Prefixed,MSD_Hybrid,538.008,7000
1100,Random,Std_QuickSort,829.35,15567
1100,Random,Std_MergeSort,1246.68,13048
1100,Random,Ternary_QS,427.158,11468
1100,Random,LCP_MergeSort,1202.71,8783
1100,Random,MSD_Radix,408.225,2389
1100,Random,MSD_Hybrid,268.1,4419
1100,Reversed,Std_QuickSort,671.609,14347
1100,Reversed,Std_MergeSort,875.867,8700
1100,Reversed,Ternary_QS,315.8,9138
1100,Reversed,LCP_MergeSort,915.883,4036
1100,Reversed,MSD_Radix,504.067,2645
1100,Reversed,MSD_Hybrid,287,5141
1100,NearlySorted,Std_QuickSort,617.875,14087
1100,NearlySorted,Std_MergeSort,1034.19,12150
1100,NearlySorted,Ternary_QS,326.991,9303
1100,NearlySorted,LCP_MergeSort,947.425,4536
1100,NearlySorted,MSD_Radix,505.3,2651
1100,NearlySorted,MSD_Hybrid,267.517,5226
1100,Prefixed,Std_QuickSort,4375,323517
1100,Prefixed,Std_MergeSort,4262.21,275634
1100,Prefixed,Ternary_QS,786.067,40223
1100,Prefixed,LCP_MergeSort,1583.52,38458
1100,Prefixed,MSD_Radix,594.025,7700
1100,Prefixed,MSD_Hybrid,591.7,7700
1200,Random,Std_QuickSort,893.633,18209
1200,Random,Std_MergeSort,1345.43,14598
1200,Random,Ternary_QS,459.509,12379
1200,Random,LCP_MergeSort,1367.15,9765
1200,Random,MSD_Radix,445.217,2633
1200,Random,MSD_Hybrid,282.692,5080
1200,Reversed,Std_QuickSort,725.525,15661
1200,Reversed,Std_MergeSort,1018.56,9498
1200,Reversed,Ternary_QS,357.375,10041
1200,Reversed,LCP_MergeSort,1011.22,4404
1200,Reversed,MSD_Radix,555.425,2892
1200,Reversed,MSD_Hybrid,315.709,5596
1200,NearlySorted,Std_QuickSort,730.142,15830
1200,NearlySorted,Std_MergeSort,1140.27,13781
1200,NearlySorted,Ternary_QS,370.125,10674
1200,NearlySorted,LCP_MergeSort,1058.53,5147
1200,NearlySorted,MSD_Radix,576.008,2892
1200,NearlySorted,MSD_Hybrid,298.742,5684
1200,Prefixed,Std_QuickSort,4858.3,365191
1200,Prefixed,Std_MergeSort,4755.68,305991
1200,Prefixed,Ternary_QS,807.7,44521
1200,Prefixed,LCP_MergeSort,1746.02,42182
1200,Prefixed,MSD_Radix,645.85,8400
1200,Prefixed,MSD_Hybrid,616.033,8400
1300,Random,Std_QuickSort,1004.83,19194
1300,Random,Std_MergeSort,1489.2,16084
1300,Random,Ternary_QS,498.384,13966
1300,Random,LCP_MergeSort,1504.06,10676
1300,Random,MSD_Radix,501.767,2863
1300,Random,MSD_Hybrid,324.958,5512
1300,Reversed,Std_QuickSort,783.033,17431
1300,Reversed,Std_MergeSort,1095.82,10290
1300,Reversed,Ternary_QS,391.033,11061
1300,Reversed,LCP_MergeSort,1097.99,4721
1300,Reversed,MSD_Radix,583.983,3134
1300,Reversed,MSD_Hybrid,332.517,6075
1300,NearlySorted,Std_QuickSort,800.975,17689
1300,NearlySorted,Std_MergeSort,1259.13,15233
1300,NearlySorted,Ternary_QS,392.667,11463
1300,NearlySorted,LCP_MergeSort,1147.39,5661
1300,NearlySorted,MSD_Radix,616.692,3128
1300,NearlySorted,MSD_Hybrid,339.775,6146
1300,Prefixed,Std_QuickSort,5676.95,417362
1300,Prefixed,Std_MergeSort,5219.07,335395
1300,Prefixed,Ternary_QS,917.692,47918
1300,Prefixed,LCP_MergeSort,1914.07,45790
1300,Prefixed,MSD_Radix,687.967,9100
1300,Prefixed,MSD_Hybrid,687.383,9100
1400,Random,Std_QuickSort,1081.45,20417
1400,Random,Std_MergeSort,1640.08,17626
1400,Random,Ternary_QS,529.75,13543
1400,Random,LCP_MergeSort,1651.19,11685
1400,Random,MSD_Radix,526.117,3108
1400,Random,MSD_Hybrid,351.725,6173
1400,Reversed,Std_QuickSort,887.167,18900
1400,Reversed,Std_MergeSort,1184.37,11245
1400,Reversed,Ternary_QS,409.683,11953
1400,Reversed,LCP_MergeSort,1179.35,5181
1400,Reversed,MSD_Radix,643.833,3366
1400,Reversed,MSD_Hybrid,368.534,6568
1400,NearlySorted,Std_QuickSort,862.867,19066
1400,NearlySorted,Std_MergeSort,1429.37,16553
1400,NearlySorted,Ternary_QS,443.3,12235
1400,NearlySorted,LCP_MergeSort,1222.93,6087
1400,NearlySorted,MSD_Radix,657.858,3371
1400,NearlySorted,MSD_Hybrid,357.783,6612
1400,Prefixed,Std_QuickSort,6112.38,442500
1400,Prefixed,Std_MergeSort,5744.63,365107
1400,Prefixed,Ternary_QS,993.583,50806
1400,Prefixed,LCP_MergeSort,2082.84,49445
1400,Prefixed,MSD_Radix,750.925,9800
1400,Prefixed,MSD_Hybrid,762.7,9800
1500,Random,Std_QuickSort,1194.16,23169
1500,Random,Std_MergeSort,1743.69,19172
1500,Random,Ternary_QS,633.85,16763
1500,Random,LCP_MergeSort,1738.73,12593
1500,Random,MSD_Radix,581.392,3345
1500,Random,MSD_Hybrid,382.675,6738
1500,Reversed,Std_QuickSort,948.292,20555
1500,Reversed,Std_MergeSort,1292.27,12056
1500,Reversed,Ternary_QS,470.917,13158
1500,Reversed,LCP_MergeSort,1289.57,5455
1500,Reversed,MSD_Radix,683.325,3614
1500,Reversed,MSD_Hybrid,378.208,7059
1500,NearlySorted,Std_QuickSort,948.567,21142
1500,NearlySorted,Std_MergeSort,1508.53,17796
1500,NearlySorted,Ternary_QS,469.867,13642
1500,NearlySorted,LCP_MergeSort,1344.87,6467
1500,NearlySorted,MSD_Radix,711.933,3610
1500,NearlySorted,MSD_Hybrid,395.959,7105
1500,Prefixed,Std_QuickSort,6816.37,507434
1500,Prefixed,Std_MergeSort,6203.76,395012
1500,Prefixed,Ternary_QS,1027.23,54811
1500,Prefixed,LCP_MergeSort,2240.7,53095
1500,Prefixed,MSD_Radix,842.158,10500
1500,Prefixed,MSD_Hybrid,838.092,10500
1600,Random,Std_QuickSort,1269.17,23669
1600,Random,Std_MergeSort,1837.04,20778
1600,Random,Ternary_QS,618.4,16148
1600,Random,LCP_MergeSort,1904.86,13606
1600,Random,MSD_Radix,664.784,3623
1600,Random,MSD_Hybrid,425.891,7318
1600,Reversed,Std_QuickSort,992.925,22077
1600,Reversed,Std_MergeSort,1376.58,13062
1600,Reversed,Ternary_QS,496.575,14089
1600,Reversed,LCP_MergeSort,1371.64,5918
1600,Reversed,MSD_Radix,752.083,3859
1600,Reversed,MSD_Hybrid,425,7516
1600,NearlySorted,Std_QuickSort,1060.62,22638
1600,NearlySorted,Std_MergeSort,1598.15,18917
1600,NearlySorted,Ternary_QS,509.1,14648
1600,NearlySorted,LCP_MergeSort,1430.17,6923
1600,NearlySorted,MSD_Radix,738.242,3848
1600,NearlySorted,MSD_Hybrid,416.025,7604
1600,Prefixed,Std_QuickSort,7593.37,560063
1600,Prefixed,Std_MergeSort,6593.41,426106
1600,Prefixed,Ternary_QS,1083.81,58930
1600,Prefixed,LCP_MergeSort,2411.25,56861
1600,Prefixed,MSD_Radix,858.825,11200
1600,Prefixed,MSD_Hybrid,849.075,11200
1700,Random,Std_QuickSort,1360.78,26422
1700,Random,Std_MergeSort,1987.71,22394
1700,Random,Ternary_QS,682.458,17417
1700,Random,LCP_MergeSort,2051.42,14591
1700,Random,MSD_Radix,711.8,3876
1700,Random,MSD_Hybrid,457.842,7985
1700,Reversed,Std_QuickSort,1079.98,23430
1700,Reversed,Std_MergeSort,1470.6,13829
1700,Reversed,Ternary_QS,539.766,15160
1700,Reversed,LCP_MergeSort,1458.57,6160
1700,Reversed,MSD_Radix,789.366,4104
1700,Reversed,MSD_Hybrid,448.192,8002
1700,NearlySorted,Std_QuickSort,1147.37,24816
1700,NearlySorted,Std_MergeSort,1788.67,20267
1700,NearlySorted,Ternary_QS,550.658,15307
1700,NearlySorted,LCP_MergeSort,1519.04,7348
1700,NearlySorted,MSD_Radix,794.85,4094
1700,NearlySorted,MSD_Hybrid,445.058,8108
1700,Prefixed,Std_QuickSort,7321.63,536805
1700,Prefixed,Std_MergeSort,7058.97,456671
1700,Prefixed,Ternary_QS,1235.15,64362
1700,Prefixed,LCP_MergeSort,2545.88,60532
1700,Prefixed,MSD_Radix,909.692,11900
1700,Prefixed,MSD_Hybrid,914.433,11900
1800,Random,Std_QuickSort,1449.77,27451
1800,Random,Std_MergeSort,2111.25,23963
1800,Random,Ternary_QS,684.483,18518
1800,Random,LCP_MergeSort,2170.44,15568
1800,Random,MSD_Radix,731.817,4126
1800,Random,MSD_Hybrid,487.508,8754
1800,Reversed,Std_QuickSort,1150.12,24836
1800,Reversed,Std_MergeSort,1567.46,14967
1800,Reversed,Ternary_QS,572.834,16014
1800,Reversed,LCP_MergeSort,1576.03,6673
1800,Reversed,MSD_Radix,833.342,4357
1800,Reversed,MSD_Hybrid,464.075,8484
1800,NearlySorted,Std_QuickSort,1230.34,26761
1800,NearlySorted,Std_MergeSort,1838.58,21452
1800,NearlySorted,Ternary_QS,579.475,16364
1800,NearlySorted,LCP_MergeSort,1641.88,7777
1800,NearlySorted,MSD_Radix,830.467,4343
1800,NearlySorted,MSD_Hybrid,467.341,8610
1800,Prefixed,Std_QuickSort,8586.15,643007
1800,Prefixed,Std_MergeSort,7514.76,487249
1800,Prefixed,Ternary_QS,1259.34,67427
1800,Prefixed,LCP_MergeSort,2699.13,64145
1800,Prefixed,MSD_Radix,990.592,12600
1800,Prefixed,MSD_Hybrid,1001.42,12600
1900,Random,Std_QuickSort,1634.24,30905
1900,Random,Std_MergeSort,2253.4,25566
1900,Random,Ternary_QS,756.359,19803
1900,Random,LCP_MergeSort,2293.47,16531
1900,Random,MSD_Radix,801.492,4371
1900,Random,MSD_Hybrid,522.892,9208
1900,Reversed,Std_QuickSort,1244.26,26563
1900,Reversed,Std_MergeSort,1713.11,15937
1900,Reversed,Ternary_QS,592.133,16932
1900,Reversed,LCP_MergeSort,1659.27,7093
1900,Reversed,MSD_Radix,901.517,4603
1900,Reversed,MSD_Hybrid,478.125,8953
1900,NearlySorted,Std_QuickSort,1243.45,27816
1900,NearlySorted,Std_MergeSort,1945.73,22657
1900,NearlySorted,Ternary_QS,597.234,17262
1900,NearlySorted,LCP_MergeSort,1747.79,8228
1900,NearlySorted,MSD_Radix,885.867,4591
1900,NearlySorted,MSD_Hybrid,496.359,9121
1900,Prefixed,Std_QuickSort,9095.99,681378
1900,Prefixed,Std_MergeSort,8108.62,518834
1900,Prefixed,Ternary_QS,1279.04,70503
1900,Prefixed,LCP_MergeSort,2837.74,67877
1900,Prefixed,MSD_Radix,999.317,13300
1900,Prefixed,MSD_Hybrid,1011.39,13300
2000,Random,Std_QuickSort,1835.08,34674
2000,Random,Std_MergeSort,2420.02,27182
2000,Random,Ternary_QS,890.917,23782
2000,Random,LCP_MergeSort,2475.78,17495
2000,Random,MSD_Radix,832.541,4617
2000,Random,MSD_Hybrid,556.675,9940
2000,Reversed,Std_QuickSort,1301.68,28009
2000,Reversed,Std_MergeSort,1816.13,17217
2000,Reversed,Ternary_QS,635.95,17860
2000,Reversed,LCP_MergeSort,1771.74,7671
2000,Reversed,MSD_Radix,945.3,4844
2000,Reversed,MSD_Hybrid,533.45,9408
2000,NearlySorted,Std_QuickSort,1409.14,30121
2000,NearlySorted,Std_MergeSort,2132.73,23903
2000,NearlySorted,Ternary_QS,643.8,18347
2000,NearlySorted,LCP_MergeSort,1850.98,8710
2000,NearlySorted,MSD_Radix,968.791,4842
2000,NearlySorted,MSD_Hybrid,495.5,9607
2000,Prefixed,Std_QuickSort,9302.17,698829
2000,Prefixed,Std_MergeSort,8522.71,550592
2000,Prefixed,Ternary_QS,1363.12,75369
2000,Prefixed,LCP_MergeSort,3052.29,71578
2000,Prefixed,MSD_Radix,1027.03,14000
2000,Prefixed,MSD_Hybrid,1059.63,14000
2100,Random,Std_QuickSort,1762.79,34526
2100,Random,Std_MergeSort,2572.05,28862
2100,Random,Ternary_QS,867.433,22570
2100,Random,LCP_MergeSort,2616.07,18502
2100,Random,MSD_Radix,902.075,4867
2100,Random,MSD_Hybrid,594.358,10767
2100,Reversed,Std_QuickSort,1385.72,29527
2100,Reversed,Std_MergeSort,1868.08,17938
2100,Reversed,Ternary_QS,677.6,19006
2100,Reversed,LCP_MergeSort,1853.73,7888
2100,Reversed,MSD_Radix,1006.39,5088
2100,Reversed,MSD_Hybrid,562.134,9890
2100,NearlySorted,Std_QuickSort,1500.72,32043
2100,NearlySorted,Std_MergeSort,2195.62,25370
2100,NearlySorted,Ternary_QS,664.083,19112
2100,NearlySorted,LCP_MergeSort,1928.08,9181
2100,NearlySorted,MSD_Radix,993.5,5088
2100,NearlySorted,MSD_Hybrid,552.683,10103
2100,Prefixed,Std_QuickSort,11336.6,838579
2100,Prefixed,Std_MergeSort,9107.61,582191
2100,Prefixed,Ternary_QS,1393.58,78644
2100,Prefixed,LCP_MergeSort,3200.68,75261
2100,Prefixed,MSD_Radix,1129.41,14700
2100,Prefixed,MSD_Hybrid,1135.25,14700
2200,Random,Std_QuickSort,1919.68,37608
2200,Random,Std_MergeSort,2691.8,30614
2200,Random,Ternary_QS,951.4,25211
2200,Random,LCP_MergeSort,2721.78,19607
2200,Random,MSD_Radix,945.1,5120
2200,Random,MSD_Hybrid,631.967,11365
2200,Reversed,Std_QuickSort,1415.62,30945
2200,Reversed,Std_MergeSort,1948.03,18666
2200,Reversed,Ternary_QS,705.317,20141
2200,Reversed,LCP_MergeSort,1950.55,8218
2200,Reversed,MSD_Radix,1034.48,5328
2200,Reversed,MSD_Hybrid,578.625,10379
2200,NearlySorted,Std_QuickSort,1536.7,34062
2200,NearlySorted,Std_MergeSort,2339.43,27058
2200,NearlySorted,Ternary_QS,713.492,21428
2200,NearlySorted,LCP_MergeSort,2066.7,9816
2200,NearlySorted,MSD_Radix,1061.17,5328
2200,NearlySorted,MSD_Hybrid,586.683,10595
2200,Prefixed,Std_QuickSort,10149.9,744435
2200,Prefixed,Std_MergeSort,9663.46,614989
2200,Prefixed,Ternary_QS,1627.88,84392
2200,Prefixed,LCP_MergeSort,3460.94,78991
2200,Prefixed,MSD_Radix,1185.05,15400
2200,Prefixed,MSD_Hybrid,1183.73,15400
2300,Random,Std_QuickSort,1809.01,37540
2300,Random,Std_MergeSort,2813.38,32312
2300,Random,Ternary_QS,978.959,25648
2300,Random,LCP_MergeSort,2945.05,20604
2300,Random,MSD_Radix,1022.17,5374
2300,Random,MSD_Hybrid,669.167,12243
2300,Reversed,Std_QuickSort,1529.93,32791
2300,Reversed,Std_MergeSort,2129.24,19437
2300,Reversed,Ternary_QS,781.158,21403
2300,Reversed,LCP_MergeSort,2081.84,8523
2300,Reversed,MSD_Radix,1103.71,5564
2300,Reversed,MSD_Hybrid,618.267,10846
2300,NearlySorted,Std_QuickSort,1635.93,35768
2300,NearlySorted,Std_MergeSort,2492.95,28706
2300,NearlySorted,Ternary_QS,757.85,21277
2300,NearlySorted,LCP_MergeSort,2179.51,10289
2300,NearlySorted,MSD_Radix,1079.72,5577
2300,NearlySorted,MSD_Hybrid,609.725,11098
2300,Prefixed,Std_QuickSort,11862.9,875932
2300,Prefixed,Std_MergeSort,10127,647045
2300,Prefixed,Ternary_QS,1668.71,86972
2300,Prefixed,LCP_MergeSort,3591.03,82766
2300,Prefixed,MSD_Radix,1262.98,16100
2300,Prefixed,MSD_Hybrid,1261.86,16100
2400,Random,Std_QuickSort,2120.07,40759
2400,Random,Std_MergeSort,2958.88,34041
2400,Random,Ternary_QS,970.742,25650
2400,Random,LCP_MergeSort,3005.46,21686
2400,Random,MSD_Radix,1050.47,5624
2400,Random,MSD_Hybrid,700.958,12934
2400,Reversed,Std_QuickSort,1606.98,34086
2400,Reversed,Std_MergeSort,2209.32,20238
2400,Reversed,Ternary_QS,783.575,22315
2400,Reversed,LCP_MergeSort,2184.4,8884
2400,Reversed,MSD_Radix,1134.26,5800
2400,Reversed,MSD_Hybrid,634.975,11284
2400,NearlySorted,Std_QuickSort,1776.13,38139
2400,NearlySorted,Std_MergeSort,2609.14,29960
2400,NearlySorted,Ternary_QS,784.925,22366
2400,NearlySorted,LCP_MergeSort,2307.34,10975
2400,NearlySorted,MSD_Radix,1151.31,5832
2400,NearlySorted,MSD_Hybrid,639.575,11594
2400,Prefixed,Std_QuickSort,12253.2,911706
2400,Prefixed,Std_MergeSort,10548.4,680702
2400,Prefixed,Ternary_QS,1670.67,90106
2400,Prefixed,LCP_MergeSort,3743.28,86538
2400,Prefixed,MSD_Radix,1267.53,16800
2400,Prefixed,MSD_Hybrid,1270.44,16800
2500,Random,Std_QuickSort,2500.28,47933
2500,Random,Std_MergeSort,3206.16,35772
2500,Random,Ternary_QS,1082.48,27413
2500,Random,LCP_MergeSort,3133.45,22705
2500,Random,MSD_Radix,1097.87,5903
2500,Random,MSD_Hybrid,727.233,13605
2500,Reversed,Std_QuickSort,1694.86,35629
2500,Reversed,Std_MergeSort,2324.83,20956
2500,Reversed,Ternary_QS,847.575,23429
2500,Reversed,LCP_MergeSort,2208.75,9069
2500,Reversed,MSD_Radix,1174.69,6046
2500,Reversed,MSD_Hybrid,632.217,11759
2500,NearlySorted,Std_QuickSort,1848.37,39560
2500,NearlySorted,Std_MergeSort,2733.97,31286
2500,NearlySorted,Ternary_QS,826.725,23268
2500,NearlySorted,LCP_MergeSort,2406.71,11333
2500,NearlySorted,MSD_Radix,1212.61,6079
2500,NearlySorted,MSD_Hybrid,661.258,12095
2500,Prefixed,Std_QuickSort,13296.8,990577
2500,Prefixed,Std_MergeSort,11126.7,712914
2500,Prefixed,Ternary_QS,1867.18,93825
2500,Prefixed,LCP_MergeSort,3982.55,90118
2500,Prefixed,MSD_Radix,1384.48,17500
2500,Prefixed,MSD_Hybrid,1361.9,17500
2600,Random,Std_QuickSort,2198.17,43204
2600,Random,Std_MergeSort,3308.23,37528
2600,Random,Ternary_QS,1067.89,27658
2600,Random,LCP_MergeSort,3311.11,23783
2600,Random,MSD_Radix,1166.94,6165
2600,Random,MSD_Hybrid,775.983,14366
2600,Reversed,Std_QuickSort,1827.45,37595
2600,Reversed,Std_MergeSort,2430.09,21996
2600,Reversed,Ternary_QS,897.025,24562
2600,Reversed,LCP_MergeSort,2440.58,9575
2600,Reversed,MSD_Radix,1242.21,6266
2600,Reversed,MSD_Hybrid,711.958,12197
2600,NearlySorted,Std_QuickSort,1954.42,41235
2600,NearlySorted,Std_MergeSort,2953.07,32792
2600,NearlySorted,Ternary_QS,894.6,24600
2600,NearlySorted,LCP_MergeSort,2566.96,11921
2600,NearlySorted,MSD_Radix,1302.23,6324
2600,NearlySorted,MSD_Hybrid,712.283,12583
2600,Prefixed,Std_QuickSort,12974.8,925341
2600,Prefixed,Std_MergeSort,12006,745432
2600,Prefixed,Ternary_QS,2042.58,102346
2600,Prefixed,LCP_MergeSort,4311.31,94000
2600,Prefixed,MSD_Radix,1424.23,18200
2600,Prefixed,MSD_Hybrid,1418.47,18200
2700,Random,Std_QuickSort,2455.24,46238
2700,Random,Std_MergeSort,3622.98,39239
2700,Random,Ternary_QS,1191.83,29982
2700,Random,LCP_MergeSort,3576.02,24777
2700,Random,MSD_Radix,1253.38,6425
2700,Random,MSD_Hybrid,839.008,14932
2700,Reversed,Std_QuickSort,1915.67,39312
2700,Reversed,Std_MergeSort,2610.74,22519
2700,Reversed,Ternary_QS,934.992,25602
2700,Reversed,LCP_MergeSort,2509.62,9660
2700,Reversed,MSD_Radix,1290.06,6505
2700,Reversed,MSD_Hybrid,738.008,12673
2700,NearlySorted,Std_QuickSort,2065.94,43004
2700,NearlySorted,Std_MergeSort,3007.57,33568
2700,NearlySorted,Ternary_QS,934.958,25567
2700,NearlySorted,LCP_MergeSort,2673.31,12302
2700,NearlySorted,MSD_Radix,1321.13,6564
2700,NearlySorted,MSD_Hybrid,731.617,13076
2700,Prefixed,Std_QuickSort,14103,1008544
2700,Prefixed,Std_MergeSort,12223.6,778413
2700,Prefixed,Ternary_QS,1887.59,102472
2700,Prefixed,LCP_MergeSort,4324.92,97647
2700,Prefixed,MSD_Radix,1422.75,18900
2700,Prefixed,MSD_Hybrid,1425.18,18900
2800,Random,Std_QuickSort,2527.29,49614
2800,Random,Std_MergeSort,3583.78,41038
2800,Random,Ternary_QS,1227.48,32057
2800,Random,LCP_MergeSort,3591.71,25869
2800,Random,MSD_Radix,1285.44,6703
2800,Random,MSD_Hybrid,822.867,15050
2800,Reversed,Std_QuickSort,1925.72,40769
2800,Reversed,Std_MergeSort,2641.56,23932
2800,Reversed,Ternary_QS,933.708,26469
2800,Reversed,LCP_MergeSort,2570.77,10415
2800,Reversed,MSD_Radix,1325.27,6753
2800,Reversed,MSD_Hybrid,749.108,13157
2800,NearlySorted,Std_QuickSort,2101.69,45204
2800,NearlySorted,Std_MergeSort,3093.56,35408
2800,NearlySorted,Ternary_QS,955.459,26435
2800,NearlySorted,LCP_MergeSort,2711.56,12986
2800,NearlySorted,MSD_Radix,1360.73,6808
2800,NearlySorted,MSD_Hybrid,747.967,13590
2800,Prefixed,Std_QuickSort,13727.6,1009540
2800,Prefixed,Std_MergeSort,12736.2,811758
2800,Prefixed,Ternary_QS,2024.79,105257
2800,Prefixed,LCP_MergeSort,4478.99,101464
2800,Prefixed,MSD_Radix,1495.43,19600
2800,Prefixed,MSD_Hybrid,1492.87,19600
2900,Random,Std_QuickSort,2620.74,50712
2900,Random,Std_MergeSort,3797.12,42803
2900,Random,Ternary_QS,1331.53,34658
2900,Random,LCP_MergeSort,3737.82,26909
2900,Random,MSD_Radix,1361.02,6987
2900,Random,MSD_Hybrid,866.45,16040
2900,Reversed,Std_QuickSort,2666.85,42419
2900,Reversed,Std_MergeSort,4914.98,24667
2900,Reversed,Ternary_QS,1543.87,27594
2900,Reversed,LCP_MergeSort,3202.57,10615
2900,Reversed,MSD_Radix,1369.92,7000
2900,Reversed,MSD_Hybrid,768.767,13626
2900,NearlySorted,Std_QuickSort,2203.32,47082
2900,NearlySorted,Std_MergeSort,3197.54,36423
2900,NearlySorted,Ternary_QS,994.425,27899
2900,NearlySorted,LCP_MergeSort,2809.46,13311
2900,NearlySorted,MSD_Radix,1397.62,7047
2900,NearlySorted,MSD_Hybrid,767.042,14057
2900,Prefixed,Std_QuickSort,14809.9,1088862
2900,Prefixed,Std_MergeSort,13269.4,844605
2900,Prefixed,Ternary_QS,2197.07,111405
2900,Prefixed,LCP_MergeSort,4689.03,105181
2900,Prefixed,MSD_Radix,1555.37,20300
2900,Prefixed,MSD_Hybrid,1540.95,20300
3000,Random,Std_QuickSort,2683.97,52445
3000,Random,Std_MergeSort,3890.88,44567
3000,Random,Ternary_QS,1340.52,34846
3000,Random,LCP_MergeSort,3910.19,27941
3000,Random,MSD_Radix,1409.55,7263
3000,Random,MSD_Hybrid,917.875,16959
3000,Reversed,Std_QuickSort,2061.52,43994
3000,Reversed,Std_MergeSort,2821.97,25731
3000,Reversed,Ternary_QS,985.95,28839
3000,Reversed,LCP_MergeSort,2714.77,11043
3000,Reversed,MSD_Radix,1405.24,7236
3000,Reversed,MSD_Hybrid,794.825,14122
3000,NearlySorted,Std_QuickSort,2291.72,49911
3000,NearlySorted,Std_MergeSort,3291.12,37658
3000,NearlySorted,Ternary_QS,1051.69,29402
3000,NearlySorted,LCP_MergeSort,2941.3,13831
3000,NearlySorted,MSD_Radix,1448.55,7288
3000,NearlySorted,MSD_Hybrid,806.8,14569
3000,Prefixed,Std_QuickSort,15654,1161111
3000,Prefixed,Std_MergeSort,13789.7,877182
3000,Prefixed,Ternary_QS,2221.56,113926
3000,Prefixed,LCP_MergeSort,4880.34,108982
3000,Prefixed,MSD_Radix,1603.72,21000
3000,Prefixed,MSD_Hybrid,1597.87,21000
